{
  "project_info": {
    "project_number": "836267970000",
    "firebase_url": "https://helping-hands-9bc7b-default-rtdb.firebaseio.com",
    "project_id": "helping-hands-9bc7b",
    "storage_bucket": "helping-hands-9bc7b.appspot.com"
  },
  "client": [
    {
      "client_info": {
        "mobilesdk_app_id": "1:836267970000:android:eac4fb356d8c8fb130fdd5",
        "android_client_info": {
          "package_name": "com.example.helpinghands5"
        }
      },
      "oauth_client": [
        {
          "client_id": "836267970000-3jj9m6h4ps8se5v125nl5jn31b066ngf.apps.googleusercontent.com",
          "client_type": 1,
          "android_info": {
            "package_name": "com.example.helpinghands5",
            "certificate_hash": "14028b85b8cf934f7ed5441e6c7efa18c861ff24"
          }
        },
        {
          "client_id": "836267970000-6num8lbmd0up3s7lriirqhgd0hrj6sdl.apps.googleusercontent.com",
          "client_type": 3
        }
      ],
      "api_key": [
        {
          "current_key": "AIzaSyCpB42S4QzGMPrDAMb8K0N84JiRtxV2kus"
        }
      ],
      "services": {
        "appinvite_service": {
          "other_platform_oauth_client": [
            {
              "client_id": "836267970000-6num8lbmd0up3s7lriirqhgd0hrj6sdl.apps.googleusercontent.com",
              "client_type": 3
            }
          ]
        }
      }
    }
  ],
  "configuration_version": "1"
}